-- phpMyAdmin SQL Dump
-- version 5.0.4
-- https://www.phpmyadmin.net/
--
-- Servidor: 127.0.0.1
-- Tiempo de generación: 16-02-2021 a las 20:37:42
-- Versión del servidor: 10.4.17-MariaDB
-- Versión de PHP: 8.0.0

SET SQL_MODE = "NO_AUTO_VALUE_ON_ZERO";
START TRANSACTION;
SET time_zone = "+00:00";


/*!40101 SET @OLD_CHARACTER_SET_CLIENT=@@CHARACTER_SET_CLIENT */;
/*!40101 SET @OLD_CHARACTER_SET_RESULTS=@@CHARACTER_SET_RESULTS */;
/*!40101 SET @OLD_COLLATION_CONNECTION=@@COLLATION_CONNECTION */;
/*!40101 SET NAMES utf8mb4 */;

--
-- Base de datos: `reservas-h`
--

-- --------------------------------------------------------

--
-- Estructura de tabla para la tabla `agenda`
--

CREATE TABLE `agenda` (
  `id` int(11) NOT NULL,
  `id_habitacion` int(11) NOT NULL,
  `fecha_ingreso` datetime NOT NULL,
  `fecha_salida` datetime NOT NULL
) ENGINE=InnoDB DEFAULT CHARSET=utf8;

--
-- Volcado de datos para la tabla `agenda`
--

INSERT INTO `agenda` (`id`, `id_habitacion`, `fecha_ingreso`, `fecha_salida`) VALUES
(1, 1, '2021-02-26 18:00:00', '2021-02-26 19:00:00'),
(2, 2, '2021-02-26 18:00:00', '2021-02-26 19:00:00'),
(3, 3, '2021-02-26 18:00:00', '2021-02-26 19:00:00'),
(4, 4, '2021-02-27 18:00:00', '2021-02-26 19:00:00'),
(5, 5, '2021-02-26 18:00:00', '2021-02-26 19:00:00');

-- --------------------------------------------------------

--
-- Estructura de tabla para la tabla `banner`
--

CREATE TABLE `banner` (
  `id` int(11) NOT NULL,
  `img` text NOT NULL,
  `fecha` timestamp NOT NULL DEFAULT current_timestamp() ON UPDATE current_timestamp()
) ENGINE=InnoDB DEFAULT CHARSET=utf8;

--
-- Volcado de datos para la tabla `banner`
--

INSERT INTO `banner` (`id`, `img`, `fecha`) VALUES
(1, 'vistas/img/banner/banner01.jpg', '2019-04-09 16:14:31'),
(2, 'vistas/img/banner/\r\nbanner002.jpeg', '2021-01-15 19:23:51'),
(3, 'vistas/img/banner/banner03.jpg', '2019-04-09 16:14:31'),
(4, 'vistas/img/banner/banner04.jpg', '2019-04-09 16:14:31');

-- --------------------------------------------------------

--
-- Estructura de tabla para la tabla `categorias`
--

CREATE TABLE `categorias` (
  `id_cat` int(11) NOT NULL,
  `ruta` text NOT NULL,
  `color` text NOT NULL,
  `tipo` text NOT NULL,
  `img` text NOT NULL,
  `descripcion_cat` text NOT NULL,
  `incluye` text NOT NULL,
  `continental_alta` float NOT NULL,
  `continental_baja` float NOT NULL,
  `americano_alta` float NOT NULL,
  `americano_baja` float NOT NULL,
  `fecha_cat` timestamp NOT NULL DEFAULT current_timestamp()
) ENGINE=InnoDB DEFAULT CHARSET=utf8;

--
-- Volcado de datos para la tabla `categorias`
--

INSERT INTO `categorias` (`id_cat`, `ruta`, `color`, `tipo`, `img`, `descripcion_cat`, `incluye`, `continental_alta`, `continental_baja`, `americano_alta`, `americano_baja`, `fecha_cat`) VALUES
(1, 'habitacion-tipo-suite', '#847059', 'Suite', 'vistas/img/suite/portada.png', 'Lorem ipsum dolor sit amet', '[{ \"item\": \"cama 2 x 2\", \"icono\": \"fas fa-bed\"},\r\n{ \"item\": \"TV de 42 Pulg\", \"icono\": \"fas fa-tv\"},\r\n{ \"item\": \"Agua Caliente\", \"icono\": \"fas fa-tint\"},\r\n{ \"item\": \"Jacuzzi\", \"icono\": \"fas fa-water\"},\r\n{ \"item\": \"Baño privado\", \"icono\": \"fas fa-toilet\"},\r\n{ \"item\": \"Sofá\", \"icono\": \"fas fa-couch\"},\r\n{ \"item\": \"Balcón\", \"icono\": \"far fa-image\"},\r\n{ \"item\": \"Servicio Wifi\", \"icono\": \"fas fa-wifi\"}]', 350, 300, 420, 380, '2019-04-09 18:20:30'),
(2, 'habitacion-tipo-especial', '#197DB1', 'Especial', 'vistas/img/especial/portada.png', 'Lorem ipsum dolor sit amet', '[{ \"item\": \"cama 2 x 2\", \"icono\": \"fas fa-bed\"},\r\n{ \"item\": \"TV de 42 Pulg\", \"icono\": \"fas fa-tv\"},\r\n{ \"item\": \"Agua Caliente\", \"icono\": \"fas fa-tint\"},\r\n{ \"item\": \"Baño privado\", \"icono\": \"fas fa-toilet\"},\r\n{ \"item\": \"Sofá\", \"icono\": \"fas fa-couch\"},\r\n{ \"item\": \"Balcón\", \"icono\": \"far fa-image\"},\r\n{ \"item\": \"Servicio Wifi\", \"icono\": \"fas fa-wifi\"}]', 300, 250, 380, 350, '2019-04-09 18:20:35'),
(3, 'habitacion-tipo-standar', '#2F7D84', 'Standar', 'vistas/img/standar/portada.png', 'Lorem ipsum dolor sit amet', '[{ \"item\": \"cama 2 x 2\", \"icono\": \"fas fa-bed\"},\r\n{ \"item\": \"TV de 42 Pulg\", \"icono\": \"fas fa-tv\"},\r\n{ \"item\": \"Agua Caliente\", \"icono\": \"fas fa-tint\"},\r\n{ \"item\": \"Baño privado\", \"icono\": \"fas fa-toilet\"},\r\n{ \"item\": \"Sofá\", \"icono\": \"fas fa-couch\"},\r\n{ \"item\": \"Servicio Wifi\", \"icono\": \"fas fa-wifi\"}]', 250, 200, 350, 300, '2019-04-09 18:20:41');

-- --------------------------------------------------------

--
-- Estructura de tabla para la tabla `habitaciones`
--

CREATE TABLE `habitaciones` (
  `id_h` int(11) NOT NULL,
  `categoria_id` int(11) NOT NULL,
  `estilo` text NOT NULL,
  `galeria` text NOT NULL,
  `video` text NOT NULL,
  `recorrido_virtual` text NOT NULL,
  `descripcion_h` text NOT NULL,
  `fecha_h` timestamp NOT NULL DEFAULT current_timestamp()
) ENGINE=InnoDB DEFAULT CHARSET=utf8;

--
-- Volcado de datos para la tabla `habitaciones`
--

INSERT INTO `habitaciones` (`id_h`, `categoria_id`, `estilo`, `galeria`, `video`, `recorrido_virtual`, `descripcion_h`, `fecha_h`) VALUES
(1, 1, 'Oriental', '[\"vistas/img/suite/oriental01.jpg\", \"vistas/img/suite/oriental02.jpg\", \"vistas/img/suite/oriental03.jpg\",\"vistas/img/suite/oriental04.jpg\"]\r\n', 'JTu790_yyRc', 'vistas/img/suite/oriental-360.jpg', '<p>Lorem ipsum dolor sit amet, consectetur adipisicing elit. Cum sit, quia blanditiis fugiat nam libero possimus totam modi sint autem repellat fugit dicta est pariatur? Ut aut vel ad sapiente. Lorem ipsum dolor sit amet, consectetur adipisicing elit. Beatae, reprehenderit! Deserunt laborum dolorum deleniti molestiae quae vitae animi ratione nihil, minus ut quibusdam incidunt voluptate eos sed id repudiandae ex.\r\n					</p>	\r\n\r\n					<p>Lorem ipsum dolor sit amet, consectetur adipisicing elit. Cum sit, quia blanditiis fugiat nam libero possimus totam modi sint autem repellat fugit dicta est pariatur? Ut aut vel ad sapiente. Lorem ipsum dolor sit amet, consectetur adipisicing elit. Beatae, reprehenderit! Deserunt laborum dolorum deleniti molestiae quae vitae animi ratione nihil, minus ut quibusdam incidunt voluptate eos sed id repudiandae ex.\r\n					</p>\r\n\r\n					<br>\r\n\r\n					<h3>PLAN CONTINENTAL</h3>\r\n\r\n					<p>(Precio x pareja 1 día 1 noche, incluye: desayuno)<br>\r\n					Temporada Baja: $300.000 COP<br>\r\n					Temporada Alta: $350.000 COP</p>	\r\n\r\n					<br>\r\n\r\n					<h3>PLAN AMERICANO</h3>\r\n\r\n					<p>(Precio x pareja 1 día 1 noche, incluye: cena, desayuno, almuerzo)<br>\r\n					Temporada Baja: $380.000 COP<br>\r\n					Temporada Alta: $420.000 COP</p>\r\n					\r\n					<br>\r\n\r\n					<p class=\"text-danger\">Hora de entrada (Check in) 3:00 pm | Hora de salida (Check out) 1:00 pm</p>', '2019-04-09 02:08:48'),
(2, 1, 'Moderna', '[\"vistas/img/suite/moderna01.jpg\", \"vistas/img/suite/moderna02.jpg\", \"vistas/img/suite/moderna03.jpg\",\"vistas/img/suite/moderna04.jpg\"]\r\n\r\n', 'JTu790_yyRc', 'vistas/img/suite/moderna-360.jpg', '<p>Lorem ipsum dolor sit amet, consectetur adipisicing elit. Cum sit, quia blanditiis fugiat nam libero possimus totam modi sint autem repellat fugit dicta est pariatur? Ut aut vel ad sapiente. Lorem ipsum dolor sit amet, consectetur adipisicing elit. Beatae, reprehenderit! Deserunt laborum dolorum deleniti molestiae quae vitae animi ratione nihil, minus ut quibusdam incidunt voluptate eos sed id repudiandae ex.\r\n					</p>	\r\n\r\n					<p>Lorem ipsum dolor sit amet, consectetur adipisicing elit. Cum sit, quia blanditiis fugiat nam libero possimus totam modi sint autem repellat fugit dicta est pariatur? Ut aut vel ad sapiente. Lorem ipsum dolor sit amet, consectetur adipisicing elit. Beatae, reprehenderit! Deserunt laborum dolorum deleniti molestiae quae vitae animi ratione nihil, minus ut quibusdam incidunt voluptate eos sed id repudiandae ex.\r\n					</p>\r\n\r\n					<br>\r\n\r\n					<h3>PLAN CONTINENTAL</h3>\r\n\r\n					<p>(Precio x pareja 1 día 1 noche, incluye: desayuno)<br>\r\n					Temporada Baja: $300.000 COP<br>\r\n					Temporada Alta: $350.000 COP</p>	\r\n\r\n					<br>\r\n\r\n					<h3>PLAN AMERICANO</h3>\r\n\r\n					<p>(Precio x pareja 1 día 1 noche, incluye: cena, desayuno, almuerzo)<br>\r\n					Temporada Baja: $380.000 COP<br>\r\n					Temporada Alta: $420.000 COP</p>\r\n					\r\n					<br>\r\n\r\n					<p>Hora de entrada (Check in) 3:00 pm | Hora de salida (Check out) 1:00 pm</p>', '2019-04-09 02:08:52'),
(3, 1, 'Africana', '[\"vistas/img/suite/africana01.jpg\", \"vistas/img/suite/africana02.jpg\", \"vistas/img/suite/africana03.jpg\",\"vistas/img/suite/africana04.jpg\"]\r\n', 'JTu790_yyRc', 'vistas/img/suite/africana-360.jpg', '<p>Lorem ipsum dolor sit amet, consectetur adipisicing elit. Cum sit, quia blanditiis fugiat nam libero possimus totam modi sint autem repellat fugit dicta est pariatur? Ut aut vel ad sapiente. Lorem ipsum dolor sit amet, consectetur adipisicing elit. Beatae, reprehenderit! Deserunt laborum dolorum deleniti molestiae quae vitae animi ratione nihil, minus ut quibusdam incidunt voluptate eos sed id repudiandae ex.\r\n					</p>	\r\n\r\n					<p>Lorem ipsum dolor sit amet, consectetur adipisicing elit. Cum sit, quia blanditiis fugiat nam libero possimus totam modi sint autem repellat fugit dicta est pariatur? Ut aut vel ad sapiente. Lorem ipsum dolor sit amet, consectetur adipisicing elit. Beatae, reprehenderit! Deserunt laborum dolorum deleniti molestiae quae vitae animi ratione nihil, minus ut quibusdam incidunt voluptate eos sed id repudiandae ex.\r\n					</p>\r\n\r\n					<br>\r\n\r\n					<h3>PLAN CONTINENTAL</h3>\r\n\r\n					<p>(Precio x pareja 1 día 1 noche, incluye: desayuno)<br>\r\n					Temporada Baja: $300.000 COP<br>\r\n					Temporada Alta: $350.000 COP</p>	\r\n\r\n					<br>\r\n\r\n					<h3>PLAN AMERICANO</h3>\r\n\r\n					<p>(Precio x pareja 1 día 1 noche, incluye: cena, desayuno, almuerzo)<br>\r\n					Temporada Baja: $380.000 COP<br>\r\n					Temporada Alta: $420.000 COP</p>\r\n					\r\n					<br>\r\n\r\n					<p>Hora de entrada (Check in) 3:00 pm | Hora de salida (Check out) 1:00 pm</p>', '2019-04-09 02:08:56'),
(4, 1, 'Clásica', '[\"vistas/img/suite/clasica01.jpg\", \"vistas/img/suite/clasica02.jpg\", \"vistas/img/suite/clasica03.jpg\",\"vistas/img/suite/clasica04.jpg\"]\r\n', 'JTu790_yyRc', 'vistas/img/suite/clasica-360.jpg', '<p>Lorem ipsum dolor sit amet, consectetur adipisicing elit. Cum sit, quia blanditiis fugiat nam libero possimus totam modi sint autem repellat fugit dicta est pariatur? Ut aut vel ad sapiente. Lorem ipsum dolor sit amet, consectetur adipisicing elit. Beatae, reprehenderit! Deserunt laborum dolorum deleniti molestiae quae vitae animi ratione nihil, minus ut quibusdam incidunt voluptate eos sed id repudiandae ex.\r\n					</p>	\r\n\r\n					<p>Lorem ipsum dolor sit amet, consectetur adipisicing elit. Cum sit, quia blanditiis fugiat nam libero possimus totam modi sint autem repellat fugit dicta est pariatur? Ut aut vel ad sapiente. Lorem ipsum dolor sit amet, consectetur adipisicing elit. Beatae, reprehenderit! Deserunt laborum dolorum deleniti molestiae quae vitae animi ratione nihil, minus ut quibusdam incidunt voluptate eos sed id repudiandae ex.\r\n					</p>\r\n\r\n					<br>\r\n\r\n					<h3>PLAN CONTINENTAL</h3>\r\n\r\n					<p>(Precio x pareja 1 día 1 noche, incluye: desayuno)<br>\r\n					Temporada Baja: $300.000 COP<br>\r\n					Temporada Alta: $350.000 COP</p>	\r\n\r\n					<br>\r\n\r\n					<h3>PLAN AMERICANO</h3>\r\n\r\n					<p>(Precio x pareja 1 día 1 noche, incluye: cena, desayuno, almuerzo)<br>\r\n					Temporada Baja: $380.000 COP<br>\r\n					Temporada Alta: $420.000 COP</p>\r\n					\r\n					<br>\r\n\r\n					<p>Hora de entrada (Check in) 3:00 pm | Hora de salida (Check out) 1:00 pm</p>', '2019-04-09 02:08:59'),
(5, 1, 'Retro', '[\"vistas/img/suite/retro01.jpg\", \"vistas/img/suite/retro02.jpg\", \"vistas/img/suite/retro03.jpg\",\"vistas/img/suite/retro04.jpg\"]\r\n', 'JTu790_yyRc', 'vistas/img/suite/retro-360.jpg', '<p>Lorem ipsum dolor sit amet, consectetur adipisicing elit. Cum sit, quia blanditiis fugiat nam libero possimus totam modi sint autem repellat fugit dicta est pariatur? Ut aut vel ad sapiente. Lorem ipsum dolor sit amet, consectetur adipisicing elit. Beatae, reprehenderit! Deserunt laborum dolorum deleniti molestiae quae vitae animi ratione nihil, minus ut quibusdam incidunt voluptate eos sed id repudiandae ex.\r\n					</p>	\r\n\r\n					<p>Lorem ipsum dolor sit amet, consectetur adipisicing elit. Cum sit, quia blanditiis fugiat nam libero possimus totam modi sint autem repellat fugit dicta est pariatur? Ut aut vel ad sapiente. Lorem ipsum dolor sit amet, consectetur adipisicing elit. Beatae, reprehenderit! Deserunt laborum dolorum deleniti molestiae quae vitae animi ratione nihil, minus ut quibusdam incidunt voluptate eos sed id repudiandae ex.\r\n					</p>\r\n\r\n					<br>\r\n\r\n					<h3>PLAN CONTINENTAL</h3>\r\n\r\n					<p>(Precio x pareja 1 día 1 noche, incluye: desayuno)<br>\r\n					Temporada Baja: $300.000 COP<br>\r\n					Temporada Alta: $350.000 COP</p>	\r\n\r\n					<br>\r\n\r\n					<h3>PLAN AMERICANO</h3>\r\n\r\n					<p>(Precio x pareja 1 día 1 noche, incluye: cena, desayuno, almuerzo)<br>\r\n					Temporada Baja: $380.000 COP<br>\r\n					Temporada Alta: $420.000 COP</p>\r\n					\r\n					<br>\r\n\r\n					<p>Hora de entrada (Check in) 3:00 pm | Hora de salida (Check out) 1:00 pm</p>', '2019-04-09 02:09:03'),
(6, 2, 'Oriental', '[\"vistas/img/especial/oriental01.jpg\", \"vistas/img/especial/oriental02.jpg\", \"vistas/img/especial/oriental03.jpg\",\"vistas/img/especial/oriental04.jpg\"]\r\n', 'JTu790_yyRc', 'vistas/img/especial/oriental-360.jpg', '<p>Lorem ipsum dolor sit amet, consectetur adipisicing elit. Cum sit, quia blanditiis fugiat nam libero possimus totam modi sint autem repellat fugit dicta est pariatur? Ut aut vel ad sapiente. Lorem ipsum dolor sit amet, consectetur adipisicing elit. Beatae, reprehenderit! Deserunt laborum dolorum deleniti molestiae quae vitae animi ratione nihil, minus ut quibusdam incidunt voluptate eos sed id repudiandae ex.\r\n					</p>	\r\n\r\n					<p>Lorem ipsum dolor sit amet, consectetur adipisicing elit. Cum sit, quia blanditiis fugiat nam libero possimus totam modi sint autem repellat fugit dicta est pariatur? Ut aut vel ad sapiente. Lorem ipsum dolor sit amet, consectetur adipisicing elit. Beatae, reprehenderit! Deserunt laborum dolorum deleniti molestiae quae vitae animi ratione nihil, minus ut quibusdam incidunt voluptate eos sed id repudiandae ex.\r\n					</p>\r\n\r\n					<br>\r\n\r\n					<h3>PLAN CONTINENTAL</h3>\r\n\r\n					<p>(Precio x pareja 1 día 1 noche, incluye: desayuno)<br>\r\n					Temporada Baja: $300.000 COP<br>\r\n					Temporada Alta: $350.000 COP</p>	\r\n\r\n					<br>\r\n\r\n					<h3>PLAN AMERICANO</h3>\r\n\r\n					<p>(Precio x pareja 1 día 1 noche, incluye: cena, desayuno, almuerzo)<br>\r\n					Temporada Baja: $380.000 COP<br>\r\n					Temporada Alta: $420.000 COP</p>\r\n					\r\n					<br>\r\n\r\n					<p>Hora de entrada (Check in) 3:00 pm | Hora de salida (Check out) 1:00 pm</p>', '2019-04-09 02:09:05'),
(7, 2, 'Moderna', '[\"vistas/img/especial/moderna01.jpg\", \"vistas/img/especial/moderna02.jpg\", \"vistas/img/especial/moderna03.jpg\",\"vistas/img/especial/moderna04.jpg\"]', 'JTu790_yyRc', 'vistas/img/especial/moderna-360.jpg', '<p>Lorem ipsum dolor sit amet, consectetur adipisicing elit. Cum sit, quia blanditiis fugiat nam libero possimus totam modi sint autem repellat fugit dicta est pariatur? Ut aut vel ad sapiente. Lorem ipsum dolor sit amet, consectetur adipisicing elit. Beatae, reprehenderit! Deserunt laborum dolorum deleniti molestiae quae vitae animi ratione nihil, minus ut quibusdam incidunt voluptate eos sed id repudiandae ex.\r\n					</p>	\r\n\r\n					<p>Lorem ipsum dolor sit amet, consectetur adipisicing elit. Cum sit, quia blanditiis fugiat nam libero possimus totam modi sint autem repellat fugit dicta est pariatur? Ut aut vel ad sapiente. Lorem ipsum dolor sit amet, consectetur adipisicing elit. Beatae, reprehenderit! Deserunt laborum dolorum deleniti molestiae quae vitae animi ratione nihil, minus ut quibusdam incidunt voluptate eos sed id repudiandae ex.\r\n					</p>\r\n\r\n					<br>\r\n\r\n					<h3>PLAN CONTINENTAL</h3>\r\n\r\n					<p>(Precio x pareja 1 día 1 noche, incluye: desayuno)<br>\r\n					Temporada Baja: $300.000 COP<br>\r\n					Temporada Alta: $350.000 COP</p>	\r\n\r\n					<br>\r\n\r\n					<h3>PLAN AMERICANO</h3>\r\n\r\n					<p>(Precio x pareja 1 día 1 noche, incluye: cena, desayuno, almuerzo)<br>\r\n					Temporada Baja: $380.000 COP<br>\r\n					Temporada Alta: $420.000 COP</p>\r\n					\r\n					<br>\r\n\r\n					<p>Hora de entrada (Check in) 3:00 pm | Hora de salida (Check out) 1:00 pm</p>', '2019-04-09 02:09:08'),
(8, 2, 'Africana', '[\"vistas/img/especial/africana01.jpg\", \"vistas/img/especial/africana02.jpg\", \"vistas/img/especial/africana03.jpg\",\"vistas/img/especial/africana04.jpg\"]\r\n', 'JTu790_yyRc', 'vistas/img/especial/africana-360.jpg', '<p>Lorem ipsum dolor sit amet, consectetur adipisicing elit. Cum sit, quia blanditiis fugiat nam libero possimus totam modi sint autem repellat fugit dicta est pariatur? Ut aut vel ad sapiente. Lorem ipsum dolor sit amet, consectetur adipisicing elit. Beatae, reprehenderit! Deserunt laborum dolorum deleniti molestiae quae vitae animi ratione nihil, minus ut quibusdam incidunt voluptate eos sed id repudiandae ex.\r\n					</p>	\r\n\r\n					<p>Lorem ipsum dolor sit amet, consectetur adipisicing elit. Cum sit, quia blanditiis fugiat nam libero possimus totam modi sint autem repellat fugit dicta est pariatur? Ut aut vel ad sapiente. Lorem ipsum dolor sit amet, consectetur adipisicing elit. Beatae, reprehenderit! Deserunt laborum dolorum deleniti molestiae quae vitae animi ratione nihil, minus ut quibusdam incidunt voluptate eos sed id repudiandae ex.\r\n					</p>\r\n\r\n					<br>\r\n\r\n					<h3>PLAN CONTINENTAL</h3>\r\n\r\n					<p>(Precio x pareja 1 día 1 noche, incluye: desayuno)<br>\r\n					Temporada Baja: $300.000 COP<br>\r\n					Temporada Alta: $350.000 COP</p>	\r\n\r\n					<br>\r\n\r\n					<h3>PLAN AMERICANO</h3>\r\n\r\n					<p>(Precio x pareja 1 día 1 noche, incluye: cena, desayuno, almuerzo)<br>\r\n					Temporada Baja: $380.000 COP<br>\r\n					Temporada Alta: $420.000 COP</p>\r\n					\r\n					<br>\r\n\r\n					<p>Hora de entrada (Check in) 3:00 pm | Hora de salida (Check out) 1:00 pm</p>', '2019-04-09 02:09:11'),
(9, 2, 'Árabe', '[\"vistas/img/especial/arabe01.jpg\", \"vistas/img/especial/arabe02.jpg\", \"vistas/img/especial/arabe03.jpg\",\"vistas/img/especial/arabe04.jpg\"]', 'JTu790_yyRc', 'vistas/img/especial/arabe-360.jpg', '<p>Lorem ipsum dolor sit amet, consectetur adipisicing elit. Cum sit, quia blanditiis fugiat nam libero possimus totam modi sint autem repellat fugit dicta est pariatur? Ut aut vel ad sapiente. Lorem ipsum dolor sit amet, consectetur adipisicing elit. Beatae, reprehenderit! Deserunt laborum dolorum deleniti molestiae quae vitae animi ratione nihil, minus ut quibusdam incidunt voluptate eos sed id repudiandae ex.\r\n					</p>	\r\n\r\n					<p>Lorem ipsum dolor sit amet, consectetur adipisicing elit. Cum sit, quia blanditiis fugiat nam libero possimus totam modi sint autem repellat fugit dicta est pariatur? Ut aut vel ad sapiente. Lorem ipsum dolor sit amet, consectetur adipisicing elit. Beatae, reprehenderit! Deserunt laborum dolorum deleniti molestiae quae vitae animi ratione nihil, minus ut quibusdam incidunt voluptate eos sed id repudiandae ex.\r\n					</p>\r\n\r\n					<br>\r\n\r\n					<h3>PLAN CONTINENTAL</h3>\r\n\r\n					<p>(Precio x pareja 1 día 1 noche, incluye: desayuno)<br>\r\n					Temporada Baja: $300.000 COP<br>\r\n					Temporada Alta: $350.000 COP</p>	\r\n\r\n					<br>\r\n\r\n					<h3>PLAN AMERICANO</h3>\r\n\r\n					<p>(Precio x pareja 1 día 1 noche, incluye: cena, desayuno, almuerzo)<br>\r\n					Temporada Baja: $380.000 COP<br>\r\n					Temporada Alta: $420.000 COP</p>\r\n					\r\n					<br>\r\n\r\n					<p>Hora de entrada (Check in) 3:00 pm | Hora de salida (Check out) 1:00 pm</p>', '2019-04-09 02:09:14'),
(10, 2, 'Romana', '[\"vistas/img/especial/romana01.jpg\", \"vistas/img/especial/romana02.jpg\", \"vistas/img/especial/romana03.jpg\",\"vistas/img/especial/romana04.jpg\"]', 'JTu790_yyRc', 'vistas/img/especial/romana-360.jpg', '<p>Lorem ipsum dolor sit amet, consectetur adipisicing elit. Cum sit, quia blanditiis fugiat nam libero possimus totam modi sint autem repellat fugit dicta est pariatur? Ut aut vel ad sapiente. Lorem ipsum dolor sit amet, consectetur adipisicing elit. Beatae, reprehenderit! Deserunt laborum dolorum deleniti molestiae quae vitae animi ratione nihil, minus ut quibusdam incidunt voluptate eos sed id repudiandae ex.\r\n					</p>	\r\n\r\n					<p>Lorem ipsum dolor sit amet, consectetur adipisicing elit. Cum sit, quia blanditiis fugiat nam libero possimus totam modi sint autem repellat fugit dicta est pariatur? Ut aut vel ad sapiente. Lorem ipsum dolor sit amet, consectetur adipisicing elit. Beatae, reprehenderit! Deserunt laborum dolorum deleniti molestiae quae vitae animi ratione nihil, minus ut quibusdam incidunt voluptate eos sed id repudiandae ex.\r\n					</p>\r\n\r\n					<br>\r\n\r\n					<h3>PLAN CONTINENTAL</h3>\r\n\r\n					<p>(Precio x pareja 1 día 1 noche, incluye: desayuno)<br>\r\n					Temporada Baja: $300.000 COP<br>\r\n					Temporada Alta: $350.000 COP</p>	\r\n\r\n					<br>\r\n\r\n					<h3>PLAN AMERICANO</h3>\r\n\r\n					<p>(Precio x pareja 1 día 1 noche, incluye: cena, desayuno, almuerzo)<br>\r\n					Temporada Baja: $380.000 COP<br>\r\n					Temporada Alta: $420.000 COP</p>\r\n					\r\n					<br>\r\n\r\n					<p>Hora de entrada (Check in) 3:00 pm | Hora de salida (Check out) 1:00 pm</p>', '2019-04-09 02:09:16'),
(11, 3, 'Caribeña', '[\"vistas/img/standar/caribena01.jpg\", \"vistas/img/standar/caribena02.jpg\", \"vistas/img/standar/caribena03.jpg\",\"vistas/img/standar/caribena04.jpg\"]', 'JTu790_yyRc', 'vistas/img/standar/caribena-360.jpg', '<p>Lorem ipsum dolor sit amet, consectetur adipisicing elit. Cum sit, quia blanditiis fugiat nam libero possimus totam modi sint autem repellat fugit dicta est pariatur? Ut aut vel ad sapiente. Lorem ipsum dolor sit amet, consectetur adipisicing elit. Beatae, reprehenderit! Deserunt laborum dolorum deleniti molestiae quae vitae animi ratione nihil, minus ut quibusdam incidunt voluptate eos sed id repudiandae ex.\r\n					</p>	\r\n\r\n					<p>Lorem ipsum dolor sit amet, consectetur adipisicing elit. Cum sit, quia blanditiis fugiat nam libero possimus totam modi sint autem repellat fugit dicta est pariatur? Ut aut vel ad sapiente. Lorem ipsum dolor sit amet, consectetur adipisicing elit. Beatae, reprehenderit! Deserunt laborum dolorum deleniti molestiae quae vitae animi ratione nihil, minus ut quibusdam incidunt voluptate eos sed id repudiandae ex.\r\n					</p>\r\n\r\n					<br>\r\n\r\n					<h3>PLAN CONTINENTAL</h3>\r\n\r\n					<p>(Precio x pareja 1 día 1 noche, incluye: desayuno)<br>\r\n					Temporada Baja: $300.000 COP<br>\r\n					Temporada Alta: $350.000 COP</p>	\r\n\r\n					<br>\r\n\r\n					<h3>PLAN AMERICANO</h3>\r\n\r\n					<p>(Precio x pareja 1 día 1 noche, incluye: cena, desayuno, almuerzo)<br>\r\n					Temporada Baja: $380.000 COP<br>\r\n					Temporada Alta: $420.000 COP</p>\r\n					\r\n					<br>\r\n\r\n					<p>Hora de entrada (Check in) 3:00 pm | Hora de salida (Check out) 1:00 pm</p>', '2019-04-09 02:09:20'),
(12, 3, 'Colonial', '[\"vistas/img/standar/colonial01.jpg\", \"vistas/img/standar/colonial02.jpg\", \"vistas/img/standar/colonial03.jpg\",\"vistas/img/standar/colonial04.jpg\"]\r\n', 'JTu790_yyRc', 'vistas/img/standar/colonial-360.jpg', '<p>Lorem ipsum dolor sit amet, consectetur adipisicing elit. Cum sit, quia blanditiis fugiat nam libero possimus totam modi sint autem repellat fugit dicta est pariatur? Ut aut vel ad sapiente. Lorem ipsum dolor sit amet, consectetur adipisicing elit. Beatae, reprehenderit! Deserunt laborum dolorum deleniti molestiae quae vitae animi ratione nihil, minus ut quibusdam incidunt voluptate eos sed id repudiandae ex.\r\n					</p>	\r\n\r\n					<p>Lorem ipsum dolor sit amet, consectetur adipisicing elit. Cum sit, quia blanditiis fugiat nam libero possimus totam modi sint autem repellat fugit dicta est pariatur? Ut aut vel ad sapiente. Lorem ipsum dolor sit amet, consectetur adipisicing elit. Beatae, reprehenderit! Deserunt laborum dolorum deleniti molestiae quae vitae animi ratione nihil, minus ut quibusdam incidunt voluptate eos sed id repudiandae ex.\r\n					</p>\r\n\r\n					<br>\r\n\r\n					<h3>PLAN CONTINENTAL</h3>\r\n\r\n					<p>(Precio x pareja 1 día 1 noche, incluye: desayuno)<br>\r\n					Temporada Baja: $300.000 COP<br>\r\n					Temporada Alta: $350.000 COP</p>	\r\n\r\n					<br>\r\n\r\n					<h3>PLAN AMERICANO</h3>\r\n\r\n					<p>(Precio x pareja 1 día 1 noche, incluye: cena, desayuno, almuerzo)<br>\r\n					Temporada Baja: $380.000 COP<br>\r\n					Temporada Alta: $420.000 COP</p>\r\n					\r\n					<br>\r\n\r\n					<p>Hora de entrada (Check in) 3:00 pm | Hora de salida (Check out) 1:00 pm</p>', '2019-04-09 02:09:26'),
(13, 3, 'Hindú', '[\"vistas/img/standar/hindu01.jpg\", \"vistas/img/standar/hindu02.jpg\", \"vistas/img/standar/hindu03.jpg\",\"vistas/img/standar/hindu04.jpg\"]', 'JTu790_yyRc', 'vistas/img/standar/hindu-360.jpg', '<p>Lorem ipsum dolor sit amet, consectetur adipisicing elit. Cum sit, quia blanditiis fugiat nam libero possimus totam modi sint autem repellat fugit dicta est pariatur? Ut aut vel ad sapiente. Lorem ipsum dolor sit amet, consectetur adipisicing elit. Beatae, reprehenderit! Deserunt laborum dolorum deleniti molestiae quae vitae animi ratione nihil, minus ut quibusdam incidunt voluptate eos sed id repudiandae ex.\r\n					</p>	\r\n\r\n					<p>Lorem ipsum dolor sit amet, consectetur adipisicing elit. Cum sit, quia blanditiis fugiat nam libero possimus totam modi sint autem repellat fugit dicta est pariatur? Ut aut vel ad sapiente. Lorem ipsum dolor sit amet, consectetur adipisicing elit. Beatae, reprehenderit! Deserunt laborum dolorum deleniti molestiae quae vitae animi ratione nihil, minus ut quibusdam incidunt voluptate eos sed id repudiandae ex.\r\n					</p>\r\n\r\n					<br>\r\n\r\n					<h3>PLAN CONTINENTAL</h3>\r\n\r\n					<p>(Precio x pareja 1 día 1 noche, incluye: desayuno)<br>\r\n					Temporada Baja: $300.000 COP<br>\r\n					Temporada Alta: $350.000 COP</p>	\r\n\r\n					<br>\r\n\r\n					<h3>PLAN AMERICANO</h3>\r\n\r\n					<p>(Precio x pareja 1 día 1 noche, incluye: cena, desayuno, almuerzo)<br>\r\n					Temporada Baja: $380.000 COP<br>\r\n					Temporada Alta: $420.000 COP</p>\r\n					\r\n					<br>\r\n\r\n					<p>Hora de entrada (Check in) 3:00 pm | Hora de salida (Check out) 1:00 pm</p>', '2019-04-09 02:09:31'),
(14, 3, 'Marroquí', '[\"vistas/img/standar/marroqui01.jpg\", \"vistas/img/standar/marroqui02.jpg\", \"vistas/img/standar/marroqui03.jpg\",\"vistas/img/standar/marroqui04.jpg\"]', 'JTu790_yyRc', 'vistas/img/standar/marroqui-360.jpg', '<p>Lorem ipsum dolor sit amet, consectetur adipisicing elit. Cum sit, quia blanditiis fugiat nam libero possimus totam modi sint autem repellat fugit dicta est pariatur? Ut aut vel ad sapiente. Lorem ipsum dolor sit amet, consectetur adipisicing elit. Beatae, reprehenderit! Deserunt laborum dolorum deleniti molestiae quae vitae animi ratione nihil, minus ut quibusdam incidunt voluptate eos sed id repudiandae ex.\r\n					</p>	\r\n\r\n					<p>Lorem ipsum dolor sit amet, consectetur adipisicing elit. Cum sit, quia blanditiis fugiat nam libero possimus totam modi sint autem repellat fugit dicta est pariatur? Ut aut vel ad sapiente. Lorem ipsum dolor sit amet, consectetur adipisicing elit. Beatae, reprehenderit! Deserunt laborum dolorum deleniti molestiae quae vitae animi ratione nihil, minus ut quibusdam incidunt voluptate eos sed id repudiandae ex.\r\n					</p>\r\n\r\n					<br>\r\n\r\n					<h3>PLAN CONTINENTAL</h3>\r\n\r\n					<p>(Precio x pareja 1 día 1 noche, incluye: desayuno)<br>\r\n					Temporada Baja: $300.000 COP<br>\r\n					Temporada Alta: $350.000 COP</p>	\r\n\r\n					<br>\r\n\r\n					<h3>PLAN AMERICANO</h3>\r\n\r\n					<p>(Precio x pareja 1 día 1 noche, incluye: cena, desayuno, almuerzo)<br>\r\n					Temporada Baja: $380.000 COP<br>\r\n					Temporada Alta: $420.000 COP</p>\r\n					\r\n					<br>\r\n\r\n					<p>Hora de entrada (Check in) 3:00 pm | Hora de salida (Check out) 1:00 pm</p>', '2019-04-09 02:09:34'),
(15, 3, 'Retro', '[\"vistas/img/standar/retro01.jpg\", \"vistas/img/standar/retro02.jpg\", \"vistas/img/standar/retro03.jpg\",\"vistas/img/standar/retro04.jpg\"]\r\n', 'JTu790_yyRc', 'vistas/img/standar/retro-360.jpg', '<p>Lorem ipsum dolor sit amet, consectetur adipisicing elit. Cum sit, quia blanditiis fugiat nam libero possimus totam modi sint autem repellat fugit dicta est pariatur? Ut aut vel ad sapiente. Lorem ipsum dolor sit amet, consectetur adipisicing elit. Beatae, reprehenderit! Deserunt laborum dolorum deleniti molestiae quae vitae animi ratione nihil, minus ut quibusdam incidunt voluptate eos sed id repudiandae ex.\r\n					</p>	\r\n\r\n					<p>Lorem ipsum dolor sit amet, consectetur adipisicing elit. Cum sit, quia blanditiis fugiat nam libero possimus totam modi sint autem repellat fugit dicta est pariatur? Ut aut vel ad sapiente. Lorem ipsum dolor sit amet, consectetur adipisicing elit. Beatae, reprehenderit! Deserunt laborum dolorum deleniti molestiae quae vitae animi ratione nihil, minus ut quibusdam incidunt voluptate eos sed id repudiandae ex.\r\n					</p>\r\n\r\n					<br>\r\n\r\n					<h3>PLAN CONTINENTAL</h3>\r\n\r\n					<p>(Precio x pareja 1 día 1 noche, incluye: desayuno)<br>\r\n					Temporada Baja: $300.000 COP<br>\r\n					Temporada Alta: $350.000 COP</p>	\r\n\r\n					<br>\r\n\r\n					<h3>PLAN AMERICANO</h3>\r\n\r\n					<p>(Precio x pareja 1 día 1 noche, incluye: cena, desayuno, almuerzo)<br>\r\n					Temporada Baja: $380.000 COP<br>\r\n					Temporada Alta: $420.000 COP</p>\r\n					\r\n					<br>\r\n\r\n					<p>Hora de entrada (Check in) 3:00 pm | Hora de salida (Check out) 1:00 pm</p>', '2019-04-09 02:09:37');

-- --------------------------------------------------------

--
-- Estructura de tabla para la tabla `planes`
--

CREATE TABLE `planes` (
  `id` int(11) NOT NULL,
  `tipo` text NOT NULL,
  `img` text NOT NULL,
  `descripcion` text NOT NULL,
  `precio_alta` float NOT NULL,
  `precio_baja` float NOT NULL,
  `fecha` timestamp NOT NULL DEFAULT current_timestamp() ON UPDATE current_timestamp()
) ENGINE=InnoDB DEFAULT CHARSET=utf8;

--
-- Volcado de datos para la tabla `planes`
--

INSERT INTO `planes` (`id`, `tipo`, `img`, `descripcion`, `precio_alta`, `precio_baja`, `fecha`) VALUES
(1, 'Romántico', 'vistas/img/planes/plan-romantico.png', 'Lorem ipsum dolor sit amet, consectetur adipisicing elit. Quas suscipit quis eligendi voluptatibus dolore libero quasi delectus odit impedit optio eius corporis cumque numquam aliquid repudiandae quisquam dolor explicabo, totam.', 500, 400, '2021-02-02 18:19:35'),
(2, 'Luna de Miel', 'vistas/img/planes/luna-de-miel.png', 'Lorem ipsum dolor sit amet, consectetur adipisicing elit. Placeat dicta fugiat nihil amet officiis, atque molestiae velit, quod repudiandae asperiores illum accusantium ullam, necessitatibus excepturi inventore, mollitia est vitae impedit.', 600, 500, '2021-02-02 18:19:47'),
(3, 'Aventura', 'vistas/img/planes/plan-aventura.png', 'Lorem ipsum dolor sit amet, consectetur adipisicing elit. Deserunt blanditiis nulla expedita nostrum vero. Laborum repudiandae numquam mollitia earum natus ut delectus quas, iste unde doloribus suscipit qui, voluptate perspiciatis.', 400, 300, '2021-02-02 18:19:59'),
(4, 'SPA', 'vistas/img/planes/plan-spa.png', 'Lorem ipsum dolor sit amet, consectetur adipisicing elit. Nam quibusdam magni atque provident, quaerat libero harum possimus. Illum iure magni voluptate, quos amet! Ipsam, sit, sapiente. Cumque est officiis in!', 550, 450, '2021-02-02 18:21:08');

-- --------------------------------------------------------

--
-- Estructura de tabla para la tabla `recorrido`
--

CREATE TABLE `recorrido` (
  `id` int(11) NOT NULL,
  `foto_peq` text NOT NULL,
  `foto_grande` text NOT NULL,
  `titulo` text NOT NULL,
  `descripcion` text NOT NULL,
  `fecha` timestamp NOT NULL DEFAULT current_timestamp() ON UPDATE current_timestamp()
) ENGINE=InnoDB DEFAULT CHARSET=utf8;

--
-- Volcado de datos para la tabla `recorrido`
--

INSERT INTO `recorrido` (`id`, `foto_peq`, `foto_grande`, `titulo`, `descripcion`, `fecha`) VALUES
(1, 'vistas/img/recorrido/pueblo01a.png', 'vistas/img/recorrido/pueblo01b.png', 'LOREM IPSUM', 'Lorem ipsum dolor sit amet, consectetur adipisicing elit. Explicabo velit quis iusto magnam cupiditate dolorum repudiandae tempore cum minus eos a iure, officiis, eius, consequuntur unde nulla, enim quibusdam beatae.', '2019-04-09 19:32:53'),
(2, 'vistas/img/recorrido/pueblo02a.png', 'vistas/img/recorrido/pueblo02b.png', 'LOREM IPSUM', 'Lorem ipsum dolor sit amet, consectetur adipisicing elit. Explicabo velit quis iusto magnam cupiditate dolorum repudiandae tempore cum minus eos a iure, officiis, eius, consequuntur unde nulla, enim quibusdam beatae.', '2019-04-09 19:32:53'),
(3, 'vistas/img/recorrido/pueblo03a.png', 'vistas/img/recorrido/pueblo03b.png', 'LOREM IPSUM', 'Lorem ipsum dolor sit amet, consectetur adipisicing elit. Explicabo velit quis iusto magnam cupiditate dolorum repudiandae tempore cum minus eos a iure, officiis, eius, consequuntur unde nulla, enim quibusdam beatae.', '2019-04-09 19:32:53');

-- --------------------------------------------------------

--
-- Estructura de tabla para la tabla `reservas`
--

CREATE TABLE `reservas` (
  `id_reserva` int(11) NOT NULL,
  `id_habitacion` int(11) NOT NULL,
  `id_usuario` int(11) NOT NULL,
  `pago_reserva` float NOT NULL,
  `numero_transaccion` text NOT NULL,
  `codigo_reserva` text NOT NULL,
  `descripcion_reserva` text NOT NULL,
  `fecha_ingreso` date NOT NULL,
  `fecha_salida` date NOT NULL,
  `fecha_reserva` timestamp NOT NULL DEFAULT current_timestamp() ON UPDATE current_timestamp()
) ENGINE=InnoDB DEFAULT CHARSET=utf8;

--
-- Volcado de datos para la tabla `reservas`
--

INSERT INTO `reservas` (`id_reserva`, `id_habitacion`, `id_usuario`, `pago_reserva`, `numero_transaccion`, `codigo_reserva`, `descripcion_reserva`, `fecha_ingreso`, `fecha_salida`, `fecha_reserva`) VALUES
(67, 1, 126, 300, '0SN28538SB877712D', 'S62EPCPWC', 'Habitación Suite Oriental - Plan Continental - 2 Personas', '2021-02-19', '2021-02-20', '2021-02-15 19:47:08'),
(68, 2, 126, 300, '66E51013DB934425P', 'FO9R0R37L', 'Habitación Suite Moderna - Plan Continental - 2 Personas', '2021-02-26', '2021-02-27', '2021-02-15 19:48:42'),
(69, 3, 126, 300, '3W149542B9999023L', '7F4CHKBVA', 'Habitación Suite Africana - Plan Continental - 2 Personas', '2021-02-24', '2021-02-25', '2021-02-15 19:49:16'),
(70, 1, 125, 600, '88522106ET115671D', '2XS78FA8K', 'Habitación Suite Moderna - Plan Continental - 2 Personas', '2021-02-28', '2021-03-02', '2021-02-15 19:51:52'),
(71, 2, 125, 300, '11Y580540J409441A', 'F8FZDDCV4', 'Habitación Suite Moderna - Plan Continental - 2 Personas', '2021-02-24', '2021-02-25', '2021-02-15 19:50:51'),
(72, 3, 125, 300, '12U060248Y0355152', 'V4F6ACSJ5', 'Habitación Suite Africana - Plan Continental - 2 Personas', '2021-02-18', '2021-02-19', '2021-02-15 19:51:23'),
(73, 1, 127, 300, '86909232LV051533S', 'UV1BVYKIX', 'Habitación Suite Oriental - Plan Continental - 2 Personas', '2021-02-23', '2021-02-24', '2021-02-15 19:56:51'),
(74, 2, 127, 300, '11H217001K021144D', 'KW2L2C62Y', 'Habitación Suite Africana - Plan Continental - 2 Personas', '2021-02-19', '2021-02-20', '2021-02-15 19:58:37'),
(75, 3, 127, 300, '7BU01343X20394248', 'ZS8YR9OE2', 'Habitación Suite Africana - Plan Continental - 2 Personas', '2021-02-22', '2021-02-23', '2021-02-15 19:59:22'),
(76, 1, 128, 300, '7HH31604TU0652107', '9UHZ5KU9S', 'Habitación Suite Oriental - Plan Continental - 2 Personas', '2021-02-17', '2021-02-18', '2021-02-15 20:02:32'),
(77, 2, 128, 300, '72X63190C3402010B', '4RF1BZCJU', 'Habitación Suite Moderna - Plan Continental - 2 Personas', '2021-02-17', '2021-02-18', '2021-02-15 20:03:06'),
(78, 3, 128, 300, '2HP23160RU491931J', '095G1RTAL', 'Habitación Suite Africana - Plan Continental - 2 Personas', '2021-02-19', '2021-02-20', '2021-02-15 20:04:07');

-- --------------------------------------------------------

--
-- Estructura de tabla para la tabla `reservas2`
--

CREATE TABLE `reservas2` (
  `id` int(11) NOT NULL,
  `id_habitacion` int(11) NOT NULL,
  `fecha_ingreso` date NOT NULL,
  `fecha_salida` date NOT NULL
) ENGINE=InnoDB DEFAULT CHARSET=utf8;

--
-- Volcado de datos para la tabla `reservas2`
--

INSERT INTO `reservas2` (`id`, `id_habitacion`, `fecha_ingreso`, `fecha_salida`) VALUES
(1, 1, '2021-02-03', '2021-02-05'),
(2, 2, '2021-02-02', '2021-02-05'),
(3, 3, '2021-02-03', '2021-02-05'),
(4, 4, '2021-02-05', '2021-02-07'),
(5, 5, '2021-02-03', '2021-02-05'),
(6, 1, '2021-02-06', '2021-02-07'),
(7, 2, '2021-02-06', '2021-02-08'),
(8, 3, '2021-02-05', '2021-02-05'),
(9, 4, '2021-02-08', '2021-02-10'),
(10, 5, '2021-02-06', '2021-02-07'),
(11, 1, '2021-02-09', '2021-02-12'),
(12, 2, '2021-02-09', '2021-02-13'),
(13, 3, '2021-02-05', '2021-02-10'),
(14, 4, '2021-02-10', '2021-02-11'),
(15, 5, '2021-02-07', '2021-02-09'),
(16, 1, '2021-02-16', '2021-02-17'),
(17, 2, '2021-02-15', '2021-02-16'),
(18, 3, '2021-02-19', '2021-02-21'),
(19, 4, '2021-02-18', '2021-02-19'),
(20, 5, '2021-02-11', '2021-02-15'),
(21, 1, '2021-02-26', '2021-02-28'),
(22, 2, '2021-02-26', '2021-02-28'),
(23, 3, '2021-02-26', '2021-02-28'),
(24, 4, '2021-02-26', '2021-03-28'),
(25, 5, '2021-02-26', '2021-02-28'),
(26, 5, '2021-03-03', '2021-03-08');

-- --------------------------------------------------------

--
-- Estructura de tabla para la tabla `restaurante`
--

CREATE TABLE `restaurante` (
  `id` int(11) NOT NULL,
  `img` text NOT NULL,
  `descripcion` text NOT NULL,
  `fecha` timestamp NOT NULL DEFAULT current_timestamp() ON UPDATE current_timestamp()
) ENGINE=InnoDB DEFAULT CHARSET=utf8;

--
-- Volcado de datos para la tabla `restaurante`
--

INSERT INTO `restaurante` (`id`, `img`, `descripcion`, `fecha`) VALUES
(1, 'vistas/img/restaurante/plato01.png', 'Lorem ipsum dolor sit amet consectetur', '2019-04-09 19:43:20'),
(2, 'vistas/img/restaurante/plato02.png', 'Lorem ipsum dolor sit amet consectetur', '0000-00-00 00:00:00'),
(3, 'vistas/img/restaurante/plato03.png', 'Lorem ipsum dolor sit amet consectetur', '0000-00-00 00:00:00'),
(4, 'vistas/img/restaurante/plato04.png', 'Lorem ipsum dolor sit amet consectetur', '0000-00-00 00:00:00'),
(5, 'vistas/img/restaurante/plato05.png', 'Lorem ipsum dolor sit amet consectetur', '0000-00-00 00:00:00'),
(6, 'vistas/img/restaurante/plato06.png', 'Lorem ipsum dolor sit amet consectetur', '0000-00-00 00:00:00');

-- --------------------------------------------------------

--
-- Estructura de tabla para la tabla `usuarios`
--

CREATE TABLE `usuarios` (
  `id_u` int(11) NOT NULL,
  `nombre` text NOT NULL,
  `password` text NOT NULL,
  `email` text NOT NULL,
  `foto` text NOT NULL,
  `modo` text NOT NULL,
  `verificacion` int(11) NOT NULL,
  `email_encriptado` text NOT NULL,
  `fecha` timestamp NOT NULL DEFAULT current_timestamp() ON UPDATE current_timestamp()
) ENGINE=InnoDB DEFAULT CHARSET=utf8;

--
-- Volcado de datos para la tabla `usuarios`
--

INSERT INTO `usuarios` (`id_u`, `nombre`, `password`, `email`, `foto`, `modo`, `verificacion`, `email_encriptado`, `fecha`) VALUES
(125, 'mohcine lmariouh', 'null', 'mohcineikkou@gmail.com', 'https://lh5.googleusercontent.com/-1ohQQxjTvjE/AAAAAAAAAAI/AAAAAAAAAAA/AMZuucluUyk54OL8EX99IJXEipAlOSSdvw/s96-c/photo.jpg', 'google', 1, 'null', '2021-02-15 19:46:03'),
(126, 'Mohcine Ikkou', 'null', 'mohssinelmariouh@gmail.com', 'https://platform-lookaside.fbsbx.com/platform/profilepic/?asid=10218789489389588&height=150&width=150&ext=1616010387&hash=AeT99EBsWtR87RUxspc', 'facebook', 1, 'null', '2021-02-15 19:46:26'),
(127, 'hamza', '$2a$07$asxx54ahjppf45sd87a5auFL5K1.Cmt9ZheoVVuudOi5BCi10qWly', 'hamza@gmail.com', '', 'directo', 1, 'a10e20f944496f58550187c2461a0699', '2021-02-16 17:57:47'),
(128, 'chocho', '$2a$07$asxx54ahjppf45sd87a5auFL5K1.Cmt9ZheoVVuudOi5BCi10qWly', 'chocho@gmail.com', '', 'directo', 1, '26e6a38c694ce569f1583d1e753f21dc', '2021-02-15 20:01:23'),
(129, 'hamoufa', '$2a$07$asxx54ahjppf45sd87a5auFL5K1.Cmt9ZheoVVuudOi5BCi10qWly', 'hamouda@gmail.com', '', 'directo', 1, '95392a9df0c8e2e15eb1583485544f56', '2021-02-15 20:20:46'),
(130, 'salopar', '$2a$07$asxx54ahjppf45sd87a5auFL5K1.Cmt9ZheoVVuudOi5BCi10qWly', 'salopar@gmail.com', '', 'directo', 1, 'd36378cf14bf1ba8b48a5178a0ce939e', '2021-02-15 21:13:26');

--
-- Índices para tablas volcadas
--

--
-- Indices de la tabla `agenda`
--
ALTER TABLE `agenda`
  ADD PRIMARY KEY (`id`);

--
-- Indices de la tabla `banner`
--
ALTER TABLE `banner`
  ADD PRIMARY KEY (`id`);

--
-- Indices de la tabla `categorias`
--
ALTER TABLE `categorias`
  ADD PRIMARY KEY (`id_cat`);

--
-- Indices de la tabla `habitaciones`
--
ALTER TABLE `habitaciones`
  ADD PRIMARY KEY (`id_h`);

--
-- Indices de la tabla `planes`
--
ALTER TABLE `planes`
  ADD PRIMARY KEY (`id`);

--
-- Indices de la tabla `recorrido`
--
ALTER TABLE `recorrido`
  ADD PRIMARY KEY (`id`);

--
-- Indices de la tabla `reservas`
--
ALTER TABLE `reservas`
  ADD PRIMARY KEY (`id_reserva`);

--
-- Indices de la tabla `reservas2`
--
ALTER TABLE `reservas2`
  ADD PRIMARY KEY (`id`);

--
-- Indices de la tabla `restaurante`
--
ALTER TABLE `restaurante`
  ADD PRIMARY KEY (`id`);

--
-- Indices de la tabla `usuarios`
--
ALTER TABLE `usuarios`
  ADD PRIMARY KEY (`id_u`);

--
-- AUTO_INCREMENT de las tablas volcadas
--

--
-- AUTO_INCREMENT de la tabla `agenda`
--
ALTER TABLE `agenda`
  MODIFY `id` int(11) NOT NULL AUTO_INCREMENT, AUTO_INCREMENT=6;

--
-- AUTO_INCREMENT de la tabla `banner`
--
ALTER TABLE `banner`
  MODIFY `id` int(11) NOT NULL AUTO_INCREMENT, AUTO_INCREMENT=5;

--
-- AUTO_INCREMENT de la tabla `categorias`
--
ALTER TABLE `categorias`
  MODIFY `id_cat` int(11) NOT NULL AUTO_INCREMENT, AUTO_INCREMENT=4;

--
-- AUTO_INCREMENT de la tabla `habitaciones`
--
ALTER TABLE `habitaciones`
  MODIFY `id_h` int(11) NOT NULL AUTO_INCREMENT, AUTO_INCREMENT=16;

--
-- AUTO_INCREMENT de la tabla `planes`
--
ALTER TABLE `planes`
  MODIFY `id` int(11) NOT NULL AUTO_INCREMENT, AUTO_INCREMENT=5;

--
-- AUTO_INCREMENT de la tabla `recorrido`
--
ALTER TABLE `recorrido`
  MODIFY `id` int(11) NOT NULL AUTO_INCREMENT, AUTO_INCREMENT=4;

--
-- AUTO_INCREMENT de la tabla `reservas`
--
ALTER TABLE `reservas`
  MODIFY `id_reserva` int(11) NOT NULL AUTO_INCREMENT, AUTO_INCREMENT=79;

--
-- AUTO_INCREMENT de la tabla `reservas2`
--
ALTER TABLE `reservas2`
  MODIFY `id` int(11) NOT NULL AUTO_INCREMENT, AUTO_INCREMENT=27;

--
-- AUTO_INCREMENT de la tabla `restaurante`
--
ALTER TABLE `restaurante`
  MODIFY `id` int(11) NOT NULL AUTO_INCREMENT, AUTO_INCREMENT=7;

--
-- AUTO_INCREMENT de la tabla `usuarios`
--
ALTER TABLE `usuarios`
  MODIFY `id_u` int(11) NOT NULL AUTO_INCREMENT, AUTO_INCREMENT=131;
COMMIT;

/*!40101 SET CHARACTER_SET_CLIENT=@OLD_CHARACTER_SET_CLIENT */;
/*!40101 SET CHARACTER_SET_RESULTS=@OLD_CHARACTER_SET_RESULTS */;
/*!40101 SET COLLATION_CONNECTION=@OLD_COLLATION_CONNECTION */;
